sku,name,category,subcategory,description,price,compare_at_price,quantity,reorder_level,colour,motif,material,image,featured,active
SAR-0001,Indigo Bishnupur Baluchari,saree,Baluchari,An indigo Baluchari-inspired silk with narrative woven panels and an ornate heritage border.,8490,9990,8,3,Indigo,Narrative panels,Silk,assets/products/sar-0001.jpg,True,True
SAR-0002,Royal Blue Baluchari Story Weave,saree,Baluchari,A royal-blue Bengal story weave featuring detailed figurative panels across the pallav.,7990,9490,5,3,Royal Blue,Figurative pallav,Silk,assets/products/sar-0002.jpg,False,True
SAR-0003,Midnight Baluchari Heritage,saree,Baluchari,A dramatic midnight weave with turquoise and crimson narrative detailing.,7490,8990,3,3,Midnight,Heritage figures,Silk,assets/products/sar-0003.jpg,False,True
SAR-0004,Shiuli Jamdani Edit,saree,Jamdani,"A light Jamdani-inspired edit in soft ivory, rose and turmeric tones for effortless draping.",4290,5290,12,3,Shiuli Ivory,Fine linear weave,Cotton,assets/products/sar-0004.jpg,False,True
SAR-0005,Turmeric Bengal Tant,saree,Bengal Tant,A warm turmeric and terracotta Bengal Tant-inspired saree with a crisp everyday character.,2190,2790,9,3,Turmeric,Contrast border,Cotton,assets/products/sar-0005.jpg,False,True
JWL-0001,Maharani Filigree Jhumka,jewellery,Jhumka,An ornate gold-toned Bengal jhumka pair with airy filigree domes and traditional drops.,1890,2390,7,3,Antique Gold,Filigree dome,Gold-toned alloy,assets/products/jwl-0001.jpg,True,True
JWL-0002,Ranga Stone Jhumka,jewellery,Jhumka,A compact gold-toned jhumka pair accented with red stones and floral tops.,1290,1690,14,3,Gold & Red,Floral jhumka,Gold-toned alloy,assets/products/jwl-0002.jpg,False,True
JWL-0003,Chandbali Bengal Earrings,jewellery,Chandbali,Circular Bengal-inspired earrings with jewel-toned accents and delicate hanging beads.,1490,1890,4,3,Soft Gold,Chandbali,Gold-toned alloy,assets/products/jwl-0003.jpg,False,True
JWL-0004,Gramin Crescent Pendant,jewellery,Pendant,A gold-toned crescent pendant with crystal details and tiny traditional bead drops.,1690,2190,6,3,Gold,Crescent,Gold-toned alloy,assets/products/jwl-0004.jpg,False,True
JWL-0005,Utsav Necklace Set,jewellery,Necklace Set,A festive necklace and earring set with crystal drops in a warm rose-gold finish.,2990,3790,2,3,Rose Gold,Crystal drops,Gold-toned alloy,assets/products/jwl-0005.jpg,False,True
